Year,Age Adjusted Premature Death Rate
1999,31.21
2000,31.22
2001,32.95
2002,31.48
2003,29.619999999999997
2004,26.25
2005,28.1
2006,27.78
2007,25.869999999999997
2008,28.110000000000003
2009,25.8
2010,28.25
2011,25.9
2012,26.82
2013,24.64
2014,25.34
2015,25.830000000000002
2016,23.81
2017,23.31
2018,22.69
2019,22.91
2020,24.19
